{
  "timestamp": "2025-11-14T21:34:41.198359",
  "iterations": 50,
  "procedural": {
    "count": 50,
    "total": 0.1401348114013672,
    "mean": 0.002802696228027344,
    "median": 0.0027440786361694336,
    "stdev": 0.0002450789433384304,
    "min": 0.002725839614868164,
    "max": 0.004420042037963867,
    "ops_per_sec": 356.79928134910375
  },
  "raymarching": {
    "count": 50,
    "total": 0.21874094009399414,
    "mean": 0.004374818801879883,
    "median": 0.004253864288330078,
    "stdev": 0.0004808494168149417,
    "min": 0.0041811466217041016,
    "max": 0.0073778629302978516,
    "ops_per_sec": 228.5808956408194
  },
  "physics": {
    "count": 50,
    "total": 0.29428863525390625,
    "mean": 0.005885772705078125,
    "median": 0.004116415977478027,
    "stdev": 0.003923308731024231,
    "min": 0.003977298736572266,
    "max": 0.020975828170776367,
    "ops_per_sec": 169.90122624633813
  },
  "texturing": {
    "count": 50,
    "total": 0.20757031440734863,
    "mean": 0.004151406288146972,
    "median": 0.004065513610839844,
    "stdev": 0.00021067328249954658,
    "min": 0.00399470329284668,
    "max": 0.004708051681518555,
    "ops_per_sec": 240.88222895821679
  },
  "audio": {
    "count": 50,
    "total": 0.27733802795410156,
    "mean": 0.005546760559082031,
    "median": 0.005490303039550781,
    "stdev": 0.00015001710187972884,
    "min": 0.005432844161987305,
    "max": 0.006104469299316406,
    "ops_per_sec": 180.2854097176851
  },
  "game": {
    "count": 50,
    "total": 0.28683972358703613,
    "mean": 0.005736794471740723,
    "median": 0.005637526512145996,
    "stdev": 0.0003112290882034259,
    "min": 0.005589008331298828,
    "max": 0.007591962814331055,
    "ops_per_sec": 174.3133739453226
  },
  "ui": {
    "count": 50,
    "total": 0.28534364700317383,
    "mean": 0.005706872940063477,
    "median": 0.005656599998474121,
    "stdev": 0.00016368772585287255,
    "min": 0.005600452423095703,
    "max": 0.006319522857666016,
    "ops_per_sec": 175.22731108656453
  },
  "combiner": {
    "count": 50,
    "total": 6.818771362304688e-05,
    "mean": 1.3637542724609374e-06,
    "median": 1.430511474609375e-06,
    "stdev": 1.7393855142325952e-07,
    "min": 9.5367431640625e-07,
    "max": 1.6689300537109375e-06,
    "ops_per_sec": 733269.93006993
  },
  "translation": {
    "count": 50,
    "total": 0.060755014419555664,
    "mean": 0.0012151002883911133,
    "median": 0.0012066364288330078,
    "stdev": 3.2517038226632445e-05,
    "min": 0.0012025833129882812,
    "max": 0.0014348030090332031,
    "ops_per_sec": 822.9773373884038
  }
}