{
  "timestamp": "2025-11-15T01:59:53.519113",
  "iterations": 50,
  "procedural": {
    "count": 50,
    "total": 0.3549783229827881,
    "mean": 0.007099566459655762,
    "median": 0.006160855293273926,
    "stdev": 0.00304617258343437,
    "min": 0.0027327537536621094,
    "max": 0.01474618911743164,
    "ops_per_sec": 140.85367123226948
  },
  "raymarching": {
    "count": 50,
    "total": 0.659726619720459,
    "mean": 0.013194532394409179,
    "median": 0.011221528053283691,
    "stdev": 0.005557407961699739,
    "min": 0.004796743392944336,
    "max": 0.03179311752319336,
    "ops_per_sec": 75.78896849908243
  },
  "physics": {
    "count": 50,
    "total": 0.43697047233581543,
    "mean": 0.008739409446716308,
    "median": 0.007513880729675293,
    "stdev": 0.005430538290223783,
    "min": 0.004008293151855469,
    "max": 0.025615215301513672,
    "ops_per_sec": 114.42420750474551
  },
  "texturing": {
    "count": 50,
    "total": 0.6098649501800537,
    "mean": 0.012197299003601074,
    "median": 0.011066079139709473,
    "stdev": 0.004308420982510101,
    "min": 0.004572868347167969,
    "max": 0.025496721267700195,
    "ops_per_sec": 81.98536411256005
  },
  "audio": {
    "count": 50,
    "total": 0.3655829429626465,
    "mean": 0.00731165885925293,
    "median": 0.009024739265441895,
    "stdev": 0.003389970153235789,
    "min": 0.0023529529571533203,
    "max": 0.013317108154296875,
    "ops_per_sec": 136.76786885844606
  },
  "game": {
    "count": 50,
    "total": 0.822415828704834,
    "mean": 0.01644831657409668,
    "median": 0.01670241355895996,
    "stdev": 0.004375566044658391,
    "min": 0.005954742431640625,
    "max": 0.026057004928588867,
    "ops_per_sec": 60.796495221573686
  },
  "ui": {
    "count": 50,
    "total": 0.6709744930267334,
    "mean": 0.013419489860534668,
    "median": 0.012583732604980469,
    "stdev": 0.004187893757766628,
    "min": 0.005796194076538086,
    "max": 0.026264429092407227,
    "ops_per_sec": 74.51848098495134
  },
  "combiner": {
    "count": 50,
    "total": 7.2479248046875e-05,
    "mean": 1.4495849609375e-06,
    "median": 1.430511474609375e-06,
    "stdev": 1.8555557348900163e-07,
    "min": 1.1920928955078125e-06,
    "max": 1.9073486328125e-06,
    "ops_per_sec": 689852.6315789474
  },
  "translation": {
    "count": 50,
    "total": 0.15212106704711914,
    "mean": 0.003042421340942383,
    "median": 0.001216292381286621,
    "stdev": 0.0029592077935715368,
    "min": 0.0012001991271972656,
    "max": 0.012644052505493164,
    "ops_per_sec": 328.68557242313204
  }
}